0,26,170.1,208,208,218,10,10,245,245,260,15,15,478
0,25,169.31,207,207,217,10,10,245,245,257,12,12,474
0,21,109,190,190,195,5,5,230,230,240,10,10,435
0,20,163.99,190,190,195,5,5,232,232,237,5,5,432
0,22,108.98,187,187,192,5,5,225,225,235,10,10,427
0,27,108.57,187,187,192,5,5,217,217,225,8,8,417
0,30,95.94,181,181,186,5,5,223,223,230,7,7,416
0,29,158.1,180,180,185,5,5,220,220,230,10,10,415
0,24,146.5,180,180,190,10,10,205,205,225,20,20,415
0,24,147.2,187,187,187,0,0,215,215,226,11,11,413
0,27,151.5,170,170,183,13,13,220,220,230,10,10,413
0,27,108.4,180,180,193,13,13,205,205,215,10,10,408
0,24,95.05,170,170,175,5,5,210,210,231,21,21,406
0,28,108.75,180,180,190,10,10,205,205,216,11,11,406
0,31,145.95,175,175,182,7,7,212,213,219,7,6,401
0,24,94.81,175,175,181,6,6,220,220,220,0,0,401
0,21,95.66,170,170,178,8,8,204,204,222,18,18,400
0,28,108.7,167,167,176,9,9,207,207,223,16,16,399
0,30,130.6,160,160,166,6,6,210,210,230,20,20,396
0,27,101.72,172,172,179,7,7,211,211,217,6,6,396
0,31,146.43,165,165,178,13,13,200,200,217,17,17,395
0,20,95.45,172,172,180,8,8,200,200,211,11,11,391
0,28,101.42,171,171,175,4,4,210,210,216,6,6,391
0,22,101.14,168,169,173,5,4,205,205,216,11,11,389
0,23,101.25,167,167,175,8,8,201,201,211,10,10,386
0,22,118.05,167,167,176,9,9,200,200,210,10,10,386
0,22,118.05,167,167,176,9,9,200,200,210,10,10,386
0,20,94.8,170,170,177,7,7,200,200,206,6,6,383
0,24,91.55,162,162,171,9,9,202,202,210,8,8,381
0,28,103.6,165,165,170,5,5,200,200,210,10,10,380
0,28,107,170,170,170,0,0,205,205,210,5,5,380
0,28,107,170,170,170,0,0,205,205,210,5,5,380
0,25,93.66,170,170,170,0,0,200,200,207,7,7,377
0,26,95.9,158,158,165,7,7,200,200,211,11,11,376
0,25,88.75,160,160,170,10,10,195,195,205,10,10,375
0,20,80.9,163,163,171,8,8,195,195,204,9,9,375
0,34,80.41,165,165,172,7,7,197,197,202,5,5,374
0,24,88.44,161,161,166,5,5,202,202,206,4,4,372
0,21,88.82,160,160,164,4,4,201,201,207,6,6,371
0,21,94.15,160,160,170,10,10,200,200,200,0,0,370
0,34,107.1,165,165,165,0,0,195,195,202,7,7,367
0,25,88.4,160,160,160,0,0,198,198,207,9,9,367
0,33,106.23,150,150,160,10,10,196,196,206,10,10,366
0,33,106.23,150,150,160,10,10,196,196,206,10,10,366
0,33,106.23,150,150,160,10,10,196,196,206,10,10,366
0,20,80.95,163,163,163,0,0,193,193,202,9,9,365
0,25,102,153,153,159,6,6,193,193,205,12,12,364
0,19,88.85,154,154,163,9,9,190,190,200,10,10,363
0,21,80.9,161,161,161,0,0,190,190,202,12,12,363
0,20,80.87,163,163,168,5,5,195,195,195,0,0,363
0,25,72.96,160,160,168,8,8,193,194,194,1,0,362
0,25,97.4,152,152,156,4,4,197,197,205,8,8,361
0,25,97.4,152,152,156,4,4,197,197,205,8,8,361
0,33,107.25,150,150,160,10,10,200,200,200,0,0,360
0,25,88.75,150,150,160,10,10,190,190,200,10,10,360
0,25,72.81,158,158,164,6,6,188,188,196,8,8,360
0,22,80.92,155,155,155,0,0,190,190,201,11,11,356
0,19,88.7,157,157,161,4,4,194,194,194,0,0,355
0,19,88.7,157,157,161,4,4,194,194,194,0,0,355
0,26,95.21,145,145,156,11,11,198,198,198,0,0,354
0,26,95.21,145,145,156,11,11,198,198,198,0,0,354
0,26,95.21,145,145,156,11,11,198,198,198,0,0,354
0,21,94.65,155,155,163,8,8,175,175,188,13,13,351
0,29,80.7,160,160,160,0,0,185,185,191,6,6,351
0,20,72.4,155,155,162,7,7,183,183,189,6,6,351
0,24,101.35,143,143,148,5,5,191,191,202,11,11,350
0,25,95.45,140,140,150,10,10,180,180,200,20,20,350
0,22,98.3,150,150,150,0,0,191,191,200,9,9,350
0,20,80.9,150,150,150,0,0,190,190,199,9,9,349
0,19,88.8,147,147,156,9,9,186,186,191,5,5,347
0,26,80.85,150,150,154,4,4,184,184,192,8,8,346
0,25,72.9,155,155,155,0,0,180,180,190,10,10,345
0,22,72.84,148,148,153,5,5,181,181,192,11,11,345
0,26,106.33,140,140,145,5,5,191,191,200,9,9,345
0,24,101.1,145,145,149,4,4,191,191,195,4,4,344
0,18,72.95,144,144,153,9,9,182,182,191,9,9,344
0,25,66.92,147,147,154,7,7,178,178,185,7,7,339
0,22,81,140,140,148,8,8,172,172,190,18,18,338
0,20,88.05,145,145,145,0,0,185,185,193,8,8,338
0,20,88.05,145,145,145,0,0,185,185,193,8,8,338
0,35,100.99,138,138,142,4,4,196,196,196,0,0,338
0,20,88.05,145,145,145,0,0,185,185,193,8,8,338
0,35,100.99,138,138,142,4,4,196,196,196,0,0,338
0,23,72.45,148,148,148,0,0,181,181,190,9,9,338
0,23,72.45,148,148,148,0,0,181,181,190,9,9,338
0,24,70.2,144,144,152,8,8,180,180,186,6,6,338
0,20,80.43,149,149,153,4,4,174,174,179,5,5,332
0,25,66.81,145,145,150,5,5,178,178,182,4,4,332
0,29,99.95,140,140,146,6,6,165,165,185,20,20,331
0,25,153.46,140,140,140,0,0,190,190,190,0,0,330
0,25,153.46,140,140,140,0,0,190,190,190,0,0,330
0,25,153.46,140,140,140,0,0,190,190,190,0,0,330
0,26,66.85,150,150,155,5,5,166,166,173,7,7,328
0,25,80.8,140,140,145,5,5,180,180,180,0,0,325
0,27,80.9,126,126,143,17,17,150,150,175,25,25,318
0,21,66.7,138,138,141,3,3,174,174,177,3,3,318
0,29,60.87,137,137,143,6,6,165,165,174,9,9,317
0,29,92.6,138,138,145,7,7,162,162,170,8,8,315
0,26,60.87,137,137,141,4,4,167,167,171,4,4,312
0,28,66.84,137,137,137,0,0,169,169,175,6,6,312
0,27,107.7,135,135,142,7,7,160,160,170,10,10,312
0,18,88.08,132,132,139,7,7,164,164,172,8,8,311
0,17,72.85,132,132,136,4,4,162,162,169,7,7,305
0,21,80.75,133,133,137,4,4,160,160,168,8,8,305
0,21,80.75,133,133,137,4,4,160,160,168,8,8,305
0,24,60.9,135,135,140,5,5,165,165,165,0,0,305
0,30,71.95,145,145,145,0,0,160,160,160,0,0,305
0,23,66.5,130,130,134,4,4,160,160,170,10,10,304
0,33,66.84,126,126,134,8,8,161,161,168,7,7,302
0,21,80.9,131,131,136,5,5,160,160,165,5,5,301
0,24,72.7,132,132,140,8,8,161,161,161,0,0,301
0,29,60.95,136,136,136,0,0,161,161,161,0,0,297
0,21,66.65,127,127,131,4,4,162,165,165,3,0,296
0,29,70.85,127,127,135,8,8,155,155,160,5,5,295
0,19,65.6,130,130,135,5,5,160,160,160,0,0,295
0,25,60.65,120,120,126,6,6,157,157,165,8,8,291
0,25,60.65,120,120,126,6,6,157,157,165,8,8,291
0,25,72.7,118,118,123,5,5,157,157,167,10,10,290
0,25,72.7,118,118,123,5,5,157,157,167,10,10,290
0,31,66.45,123,123,125,2,2,161,161,164,3,3,289
0,31,66.45,123,123,125,2,2,161,161,164,3,3,289
0,31,66.45,123,123,125,2,2,161,161,164,3,3,289
0,21,66.74,122,122,122,0,0,150,150,165,15,15,287
0,20,60.6,126,126,133,7,7,150,150,153,3,3,286
0,21,66.85,120,120,125,5,5,160,160,160,0,0,285
0,29,61,115,115,124,9,9,150,150,160,10,10,284
0,29,61,115,115,124,9,9,150,150,160,10,10,284
0,29,61,115,115,124,9,9,150,150,160,10,10,284
0,29,61,115,115,120,5,5,157,157,163,6,6,283
0,25,60.85,115,115,118,3,3,160,160,164,4,4,282
0,22,66.7,125,125,125,0,0,157,157,157,0,0,282
0,27,54.9,120,120,120,0,0,155,155,162,7,7,282
0,22,72.48,120,120,120,0,0,150,150,156,6,6,276
0,18,98.3,110,110,123,13,13,130,130,145,15,15,268
0,31,54.74,114,114,122,8,8,137,137,140,3,3,262
0,24,54.88,110,110,116,6,6,136,136,145,9,9,261
0,20,54.95,112,112,116,4,4,141,141,145,4,4,261
0,23,59.87,110,110,116,6,6,142,142,142,0,0,258
0,24,60.9,105,105,113,8,8,140,140,140,0,0,253
0,19,54.95,108,108,108,0,0,130,130,135,5,5,243
0,19,54.8,105,105,105,0,0,130,130,136,6,6,241
0,19,54.8,105,105,105,0,0,130,130,136,6,6,241
0,21,55,100,100,105,5,5,125,125,130,5,5,235
0,24,54.83,100,100,103,3,3,125,125,130,5,5,233
0,26,60.5,102,102,102,0,0,130,130,130,0,0,232
0,27,54.9,95,95,102,7,7,120,120,120,0,0,222
0,25,54.7,88,88,93,5,5,112,112,122,10,10,215
0,25,54.7,88,88,93,5,5,112,112,122,10,10,215
0,22,54.5,91,91,95,4,4,105,105,105,0,0,200
0,24,149.5,200,200,205,5,5,240,240,245,5,5,450
0,34,139.15,195,195,206,11,11,227,227,241,14,14,447
0,29,157.42,180,180,187,7,7,230,230,235,5,5,422
0,27,108.48,186,186,196,10,10,215,215,223,8,8,419
0,23,136.2,175,175,185,10,10,215,215,227,12,12,412
0,31,108.5,181,181,190,9,9,216,216,221,5,5,411
0,19,108.01,176,176,185,9,9,215,215,225,10,10,410
0,24,94.44,175,175,181,6,6,215,215,226,11,11,407
0,23,136.8,175,175,175,0,0,220,220,230,10,10,405
0,22,118,175,175,183,8,8,211,211,217,6,6,400
0,34,152.5,165,165,170,5,5,205,205,225,20,20,395
0,28,100.8,171,171,176,5,5,210,210,217,7,7,393
0,22,148.13,165,165,170,5,5,210,210,219,9,9,389
0,25,108,173,173,178,5,5,202,202,210,8,8,388
0,29,141.1,166,166,177,11,11,202,202,210,8,8,387
0,25,99.34,161,161,169,8,8,202,202,215,13,13,384
0,28,107.65,165,165,177,12,12,205,205,205,0,0,382
0,24,91.55,162,162,171,9,9,202,202,210,8,8,381
0,25,109,175,175,181,6,6,200,200,200,0,0,381
0,26,95.78,162,162,168,6,6,205,206,210,5,4,378
0,21,101.5,168,168,168,0,0,209,209,209,0,0,377
0,24,106.5,165,165,170,5,5,196,196,205,9,9,375
0,24,106.5,165,165,170,5,5,196,196,205,9,9,375
0,24,95.67,166,166,166,0,0,205,205,207,2,2,373
0,29,80.72,165,165,173,8,8,196,196,200,4,4,373
0,30,162.1,165,165,170,5,5,195,195,202,7,7,372
0,30,162.1,165,165,170,5,5,195,195,202,7,7,372
0,24,90.95,162,162,162,0,0,200,200,210,10,10,372
0,25,88.51,163,163,169,6,6,194,194,202,8,8,371
0,20,88.22,164,164,170,6,6,194,194,200,6,6,370
0,20,108.7,160,160,160,0,0,195,195,207,12,12,367
0,24,89,155,155,161,6,6,195,195,205,10,10,366
0,25,95.9,160,161,161,1,0,205,205,205,0,0,366
0,32,94.8,160,160,166,6,6,190,190,196,6,6,362
0,28,94.75,161,161,161,0,0,201,201,201,0,0,362
0,25,80.23,155,155,162,7,7,193,193,197,4,4,359
0,26,80.56,159,159,159,0,0,191,191,196,5,5,355
0,21,92.08,153,153,161,8,8,183,183,192,9,9,353
0,24,84.35,152,152,157,5,5,192,192,196,4,4,353
0,23,80.8,151,151,160,9,9,186,186,191,5,5,351
0,23,98.7,150,150,155,5,5,190,190,196,6,6,351
0,35,79.8,155,155,160,5,5,180,180,190,10,10,350
0,31,95.9,155,155,165,10,10,180,180,185,5,5,350
0,29,107.1,151,151,160,9,9,185,185,190,5,5,350
0,24,88.45,150,150,160,10,10,180,180,190,10,10,350
0,25,80.25,153,153,153,0,0,185,185,197,12,12,350
0,23,72.81,151,151,156,5,5,186,186,193,7,7,349
0,28,72.57,145,145,153,8,8,180,180,195,15,15,348
0,23,97.85,150,152,157,7,5,190,190,190,0,0,347
0,23,97.85,150,152,157,7,5,190,190,190,0,0,347
0,21,80.65,155,155,155,0,0,191,191,191,0,0,346
0,22,89,153,153,153,0,0,185,185,190,5,5,343
0,22,72.8,146,146,151,5,5,180,180,190,10,10,341
0,28,95.75,140,140,150,10,10,180,180,190,10,10,340
0,29,72.84,152,152,156,4,4,183,183,183,0,0,339
0,23,72.95,151,151,151,0,0,188,188,188,0,0,339
0,25,95.81,148,148,153,5,5,185,185,185,0,0,338
0,35,100.99,138,138,142,4,4,196,196,196,0,0,338
0,28,108.35,140,142,142,2,0,190,190,194,4,4,336
0,28,108.35,140,142,142,2,0,190,190,194,4,4,336
0,31,80.75,148,148,151,3,3,185,185,185,0,0,336
0,20,92.99,146,146,154,8,8,174,174,181,7,7,335
0,28,108.9,138,138,143,5,5,180,180,191,11,11,334
0,22,107.41,137,137,141,4,4,181,181,192,11,11,333
0,20,92.45,140,140,151,11,11,180,180,180,0,0,331
0,29,80.1,145,145,151,6,6,180,180,180,0,0,331
0,34,100.9,130,130,140,10,10,180,180,190,10,10,330
0,23,72.95,137,137,145,8,8,175,175,185,10,10,330
0,27,66.96,147,147,152,5,5,170,170,178,8,8,330
0,32,108.3,146,146,146,0,0,180,180,180,0,0,326
0,22,88.4,140,140,145,5,5,175,175,180,5,5,325
0,24,72.35,145,145,150,5,5,175,175,175,0,0,325
0,24,72.35,145,145,150,5,5,175,175,175,0,0,325
0,21,80.56,137,137,143,6,6,174,174,181,7,7,324
0,26,66.87,148,148,152,4,4,166,166,171,5,5,323
0,19,88.1,141,141,149,8,8,165,165,173,8,8,322
0,24,72.5,147,147,147,0,0,175,175,175,0,0,322
0,26,95.51,140,140,145,5,5,175,175,175,0,0,320
0,26,67,148,148,148,0,0,166,166,166,0,0,314
0,25,80.3,135,135,135,0,0,171,171,178,7,7,313
0,28,101.65,136,136,141,5,5,171,171,171,0,0,312
0,27,66.78,140,140,146,6,6,160,160,165,5,5,311
0,23,100.55,130,130,140,10,10,160,160,170,10,10,310
0,23,100.55,130,130,140,10,10,160,160,170,10,10,310
0,27,101.15,140,140,140,0,0,170,170,170,0,0,310
0,25,60.69,133,133,142,9,9,160,160,168,8,8,310
0,19,90.66,140,140,140,0,0,160,160,169,9,9,309
0,24,87.85,134,134,142,8,8,152,152,166,14,14,308
0,24,87.85,134,134,142,8,8,152,152,166,14,14,308
0,28,80.05,138,138,138,0,0,166,166,166,0,0,304
0,24,60.96,136,136,136,0,0,166,166,166,0,0,302
0,26,61,136,136,136,0,0,155,155,165,10,10,301
0,24,65.95,128,130,133,5,3,160,160,167,7,7,300
0,23,70.65,127,127,136,9,9,150,150,163,13,13,299
0,18,80.35,126,126,138,12,12,160,160,160,0,0,298
0,18,80.35,126,126,138,12,12,160,160,160,0,0,298
0,26,87.8,125,125,125,0,0,163,165,172,9,7,297
0,31,65.95,125,125,129,4,4,160,160,166,6,6,295
0,19,65.1,128,128,135,7,7,160,160,160,0,0,295
0,25,61,133,135,135,2,0,160,160,160,0,0,295
0,20,66.65,128,128,134,6,6,160,160,160,0,0,294
0,20,66.65,128,128,134,6,6,160,160,160,0,0,294
0,25,72.7,118,118,123,5,5,157,157,167,10,10,290
0,19,122.2,125,125,132,7,7,150,150,155,5,5,287
0,33,67,125,125,125,0,0,150,150,161,11,11,286
0,33,69.95,124,124,131,7,7,155,155,155,0,0,286
0,19,83.5,118,118,126,8,8,150,150,158,8,8,284
0,31,60.94,129,129,132,3,3,145,145,151,6,6,283
0,21,66.85,122,122,122,0,0,160,160,160,0,0,282
0,24,72.95,120,120,124,4,4,158,158,158,0,0,282
0,21,66.85,122,122,122,0,0,160,160,160,0,0,282
0,24,72.95,120,120,124,4,4,158,158,158,0,0,282
0,31,66.65,121,121,121,0,0,161,161,161,0,0,282
0,17,132.93,122,122,131,9,9,150,150,150,0,0,281
0,17,132.93,122,122,131,9,9,150,150,150,0,0,281
0,17,132.93,122,122,131,9,9,150,150,150,0,0,281
0,24,60.75,120,120,123,3,3,153,153,158,5,5,281
0,27,80.55,124,125,125,1,0,150,150,155,5,5,280
0,22,66.6,118,118,122,4,4,147,147,153,6,6,275
0,26,60.85,122,122,125,3,3,145,145,148,3,3,273
0,26,60.85,122,122,125,3,3,145,145,148,3,3,273
0,18,70.8,110,110,120,10,10,133,133,140,7,7,260
0,23,70.71,105,105,115,10,10,135,135,145,10,10,260
0,26,54.81,115,115,120,5,5,135,135,138,3,3,258
0,17,54.98,105,105,110,5,5,136,138,146,10,8,256
0,15,60.1,105,105,111,6,6,140,140,140,0,0,251
0,30,60.65,110,110,114,4,4,135,135,135,0,0,249
0,25,54.9,109,109,112,3,3,130,130,136,6,6,248
0,30,55,105,105,105,0,0,132,132,140,8,8,245
0,26,60.85,105,105,108,3,3,130,130,136,6,6,244
0,17,54.25,98,98,102,4,4,128,128,131,3,3,233
0,17,54.25,98,98,102,4,4,128,128,131,3,3,233
0,17,80.1,105,105,110,5,5,120,120,120,0,0,230
0,31,60.45,95,95,99,4,4,127,127,127,0,0,226
0,31,60.45,95,95,99,4,4,127,127,127,0,0,226
0,31,60.45,95,95,99,4,4,127,127,127,0,0,226
0,25,54.7,88,88,93,5,5,112,112,122,10,10,215
0,19,54.75,85,85,95,10,10,110,110,120,10,10,215
0,22,54.4,85,85,90,5,5,90,90,100,10,10,190
0,17,54.65,80,80,80,0,0,101,101,108,7,7,188
0,17,54.65,80,80,80,0,0,101,101,108,7,7,188
0,25,149.49,195,195,202,7,7,236,236,245,9,9,447
0,29,153.1,190,190,195,5,5,240,240,245,5,5,440
0,27,150.33,180,180,187,7,7,225,225,234,9,9,421
0,25,108.96,182,182,192,10,10,213,213,218,5,5,410
0,28,108.08,180,180,180,0,0,220,225,225,5,0,405
0,28,108.89,175,175,175,0,0,221,221,228,7,7,403
0,31,155.15,178,178,184,6,6,215,215,215,0,0,399
0,21,98.61,166,166,175,9,9,207,208,218,11,10,393
0,25,95.22,170,170,175,5,5,216,216,216,0,0,391
0,24,141.6,175,175,175,0,0,200,200,212,12,12,387
0,22,143.62,170,170,175,5,5,200,200,212,12,12,387
0,27,108.6,165,165,171,6,6,210,210,215,5,5,386
0,24,107,167,167,174,7,7,200,200,206,6,6,380
0,22,95.66,165,165,173,8,8,198,198,204,6,6,377
0,33,100.68,161,161,170,9,9,201,201,206,5,5,376
0,19,128.85,165,165,175,10,10,191,191,201,10,10,376
0,27,108.9,171,173,178,7,5,190,190,196,6,6,374
0,27,108.9,171,173,178,7,5,190,190,196,6,6,374
0,19,80.81,163,163,168,5,5,193,193,204,11,11,372
0,20,86.63,163,163,168,5,5,194,194,203,9,9,371
0,17,149.2,160,160,160,0,0,200,200,210,10,10,370
0,24,133,166,166,175,9,9,195,195,195,0,0,370
0,21,95.1,160,160,169,9,9,196,196,201,5,5,370
0,19,106.5,167,167,173,6,6,193,193,193,0,0,366
0,28,95.79,160,160,160,0,0,202,202,206,4,4,366
0,25,108.55,155,155,155,0,0,190,190,210,20,20,365
0,25,101.92,163,163,170,7,7,185,185,194,9,9,364
0,32,94.8,160,160,166,6,6,190,190,196,6,6,362
0,22,88.5,155,155,165,10,10,185,185,195,10,10,360
0,27,88.91,155,155,155,0,0,195,195,203,8,8,358
0,25,80.95,151,151,160,9,9,190,190,196,6,6,356
0,27,94.5,150,150,161,11,11,185,185,193,8,8,354
0,19,80.76,155,155,162,7,7,183,183,192,9,9,354
0,24,89.9,150,150,155,5,5,190,190,197,7,7,352
0,19,81,150,150,155,5,5,190,190,196,6,6,351
0,27,92.6,150,150,150,0,0,190,190,201,11,11,351
0,29,108.05,150,150,150,0,0,190,190,200,10,10,350
0,22,81,153,153,153,0,0,190,190,196,6,6,349
0,26,80.85,150,150,154,4,4,184,184,192,8,8,346
0,26,101.45,140,140,150,10,10,190,190,195,5,5,345
0,25,72.79,151,151,156,5,5,180,180,187,7,7,343
0,21,96.3,150,150,155,5,5,186,186,186,0,0,341
0,21,96.3,150,150,155,5,5,186,186,186,0,0,341
0,31,81.7,148,148,153,5,5,185,185,185,0,0,338
0,25,72.87,150,150,150,0,0,183,183,188,5,5,338
0,25,72.9,145,145,152,7,7,182,182,186,4,4,338
0,24,72.75,150,150,150,0,0,180,180,187,7,7,337
0,20,92.99,146,146,154,8,8,174,174,181,7,7,335
0,20,92.99,146,146,154,8,8,174,174,181,7,7,335
0,25,72.86,153,153,153,0,0,176,176,182,6,6,335
0,22,107.41,137,137,141,4,4,181,181,192,11,11,333
0,22,107.41,137,137,141,4,4,181,181,192,11,11,333
0,25,107.3,150,150,158,8,8,175,175,175,0,0,333
0,29,88.85,148,148,148,0,0,175,175,184,9,9,332
0,29,88.85,148,148,148,0,0,175,175,184,9,9,332
0,25,107.31,151,151,156,5,5,175,175,175,0,0,331
0,25,80.9,143,143,143,0,0,181,181,187,6,6,330
0,25,95.85,144,144,149,5,5,170,170,180,10,10,329
0,21,79.8,137,137,144,7,7,175,175,185,10,10,329
0,29,81,143,143,143,0,0,184,184,184,0,0,327
0,24,106.71,145,145,145,0,0,180,180,180,0,0,325
0,23,94.4,138,138,142,4,4,180,180,180,0,0,322
0,22,66.98,140,140,143,3,3,175,175,179,4,4,322
0,22,66.63,144,144,147,3,3,175,175,175,0,0,322
0,19,86.6,140,140,148,8,8,168,168,172,4,4,320
0,24,72.6,142,142,142,0,0,172,172,177,5,5,319
0,24,72.95,142,142,142,0,0,173,173,176,3,3,318
0,24,73,138,138,142,4,4,170,170,175,5,5,317
0,27,89.28,135,135,141,6,6,169,169,176,7,7,317
0,24,94.78,135,135,139,4,4,175,175,175,0,0,314
0,21,80.71,138,138,138,0,0,165,165,175,10,10,313
0,23,100.55,130,130,140,10,10,160,160,170,10,10,310
0,24,87.85,134,134,142,8,8,152,152,166,14,14,308
0,19,99.15,130,130,135,5,5,171,171,173,2,2,308
0,22,66.72,132,132,139,7,7,165,165,169,4,4,308
0,23,60.83,135,135,139,4,4,165,165,169,4,4,308
0,24,72.92,137,137,141,4,4,162,162,166,4,4,307
0,21,80.75,133,133,137,4,4,160,160,168,8,8,305
0,29,66.85,135,135,135,0,0,165,165,170,5,5,305
0,29,60.84,133,133,133,0,0,166,166,166,0,0,299
0,28,88.85,125,125,129,4,4,160,160,167,7,7,296
0,28,64.1,128,128,132,4,4,158,158,162,4,4,294
0,21,65.15,125,125,125,0,0,161,161,165,4,4,291
0,33,109.2,115,115,130,15,15,150,150,160,10,10,290
0,24,80.3,120,120,128,8,8,160,160,160,0,0,288
0,26,88.15,121,121,126,5,5,149,149,162,13,13,288
0,24,80.3,120,120,128,8,8,160,160,160,0,0,288
0,26,88.15,121,121,126,5,5,149,149,162,13,13,288
0,25,72.46,117,117,122,5,5,155,155,165,10,10,287
0,20,60.1,130,130,130,0,0,151,151,156,5,5,286
0,20,80.45,133,133,133,0,0,152,152,152,0,0,285
0,24,66.35,122,122,122,0,0,152,152,161,9,9,283
0,24,66.35,122,122,122,0,0,152,152,161,9,9,283
0,21,66.85,122,122,122,0,0,160,160,160,0,0,282
0,19,72.25,125,125,127,2,2,155,155,155,0,0,282
0,22,60.94,123,124,127,4,3,148,148,155,7,7,282
0,22,94,115,115,127,12,12,140,140,155,15,15,282
0,22,66.9,126,126,126,0,0,151,151,155,4,4,281
0,20,61,121,121,124,3,3,143,143,148,5,5,272
0,19,72.45,120,120,120,0,0,145,145,150,5,5,270
0,19,72.45,120,120,120,0,0,145,145,150,5,5,270
0,24,60.75,115,115,120,5,5,145,145,150,5,5,270
0,20,78.65,114,114,120,6,6,138,138,144,6,6,264
0,21,86,110,110,115,5,5,135,135,147,12,12,262
0,18,67,110,110,115,5,5,145,145,145,0,0,260
0,18,67,110,110,115,5,5,145,145,145,0,0,260
0,24,60.6,105,105,112,7,7,140,140,148,8,8,260
0,24,60.6,105,105,112,7,7,140,140,148,8,8,260
0,25,71.1,110,110,115,5,5,138,138,138,0,0,253
0,23,54.9,110,110,113,3,3,136,136,139,3,3,252
0,24,54.88,110,112,112,2,0,125,125,135,10,10,247
0,27,54.96,107,107,113,6,6,128,128,133,5,5,246
0,17,135,103,103,103,0,0,128,128,133,5,5,236
0,19,66.9,97,97,102,5,5,120,120,130,10,10,232
0,24,54.85,105,105,106,1,1,125,125,125,0,0,231
0,17,60.85,97,97,102,5,5,120,120,125,5,5,227
0,17,65.6,94,94,101,7,7,115,115,124,9,9,225
0,16,60.55,85,85,95,10,10,115,115,115,0,0,210
0,16,60.55,85,85,95,10,10,115,115,115,0,0,210
0,16,60.55,85,85,95,10,10,115,115,115,0,0,210
0,24,60.4,85,87,92,7,5,100,100,111,11,11,203
0,17,54.65,80,80,80,0,0,101,101,108,7,7,188
0,19,54.75,80,80,80,0,0,100,100,105,5,5,185
0,19,54.75,80,80,80,0,0,100,100,105,5,5,185
0,28,153.22,193,193,201,8,8,235,235,235,0,0,436
0,20,132.8,191,191,196,5,5,221,221,227,6,6,423
0,29,144.38,180,180,188,8,8,220,220,230,10,10,418
0,27,108.46,175,175,180,5,5,218,218,225,7,7,405
0,27,108.6,180,180,180,0,0,222,222,222,0,0,402
0,31,108.48,175,175,181,6,6,210,210,215,5,5,396
0,19,101.67,173,173,180,7,7,200,200,212,12,12,392
0,20,94.13,173,173,180,7,7,210,210,210,0,0,390
0,26,126.35,170,170,176,6,6,210,210,210,0,0,386
0,31,108,170,170,175,5,5,200,200,210,10,10,385
0,21,183.8,165,165,170,5,5,200,200,210,10,10,380
0,19,101.38,163,163,169,6,6,202,203,203,1,0,372
0,21,86.62,160,160,167,7,7,193,193,203,10,10,370
0,20,108.9,160,160,165,5,5,196,196,201,5,5,366
0,21,95.22,165,165,165,0,0,201,201,201,0,0,366
0,22,98.59,163,163,172,9,9,191,191,191,0,0,363
0,26,80.74,160,160,166,6,6,196,197,197,1,0,363
0,28,88.97,160,160,165,5,5,192,192,192,0,0,357
0,21,183.5,155,155,155,0,0,195,195,202,7,7,357
0,25,103.5,147,147,156,9,9,192,192,200,8,8,356
0,28,92.55,161,161,166,5,5,190,190,190,0,0,356
0,25,88.8,156,156,166,10,10,183,183,190,7,7,356
0,24,89.9,150,150,155,5,5,190,190,197,7,7,352
0,21,78.51,155,155,155,0,0,192,192,197,5,5,352
0,21,80.5,153,153,156,3,3,182,182,196,14,14,352
0,27,95.4,152,155,159,7,4,191,191,191,0,0,350
0,25,95.74,152,152,152,0,0,190,190,197,7,7,349
0,22,78.1,155,155,155,0,0,185,185,190,5,5,345
0,21,72.82,150,150,155,5,5,182,182,187,5,5,342
0,22,72.45,147,147,147,0,0,181,181,190,9,9,337
0,20,80.45,150,150,154,4,4,175,175,183,8,8,337
0,26,100.05,145,145,151,6,6,185,185,185,0,0,336
0,21,72.9,150,150,150,0,0,180,180,185,5,5,335
0,25,107.31,151,151,156,5,5,175,175,175,0,0,331
0,25,107.31,151,151,156,5,5,175,175,175,0,0,331
0,26,104.85,130,130,146,16,16,185,185,185,0,0,331
0,26,104.85,130,130,146,16,16,185,185,185,0,0,331
0,29,93.6,145,145,151,6,6,180,180,180,0,0,331
0,28,72.99,135,135,145,10,10,180,180,185,5,5,330
0,24,72.88,143,143,147,4,4,177,177,183,6,6,330
0,25,108.49,140,140,143,3,3,185,185,185,0,0,328
0,27,88.35,140,140,150,10,10,178,178,178,0,0,328
0,29,81,143,143,143,0,0,184,184,184,0,0,327
0,22,104.6,135,135,140,5,5,182,182,186,4,4,326
0,26,88.25,145,145,150,5,5,172,172,176,4,4,326
0,26,88.25,145,145,150,5,5,172,172,176,4,4,326
0,26,79.85,145,145,150,5,5,175,175,175,0,0,325
0,25,108.95,140,140,140,0,0,185,185,185,0,0,325
0,28,78.6,130,130,141,11,11,170,170,182,12,12,323
0,19,88.36,138,138,145,7,7,174,174,174,0,0,319
0,23,66.95,135,135,139,4,4,177,177,180,3,3,319
0,24,73,138,138,142,4,4,170,170,175,5,5,317
0,19,66.46,137,137,142,5,5,170,170,174,4,4,316
0,24,94.78,135,135,139,4,4,175,175,175,0,0,314
0,24,94.78,135,135,139,4,4,175,175,175,0,0,314
0,30,120.56,125,125,130,5,5,175,175,182,7,7,312
0,26,72.1,132,132,140,8,8,165,165,170,5,5,310
0,27,77.19,143,143,148,5,5,160,160,160,0,0,308
0,18,100.5,130,130,135,5,5,166,166,172,6,6,307
0,21,66.74,140,140,142,2,2,163,163,163,0,0,305
0,26,60.99,130,130,135,5,5,167,169,169,2,0,304
0,24,71.5,135,135,135,0,0,160,160,167,7,7,302
0,19,72.4,133,133,140,7,7,161,161,161,0,0,301
0,18,80.35,126,126,138,12,12,160,160,160,0,0,298
0,27,60.99,130,130,134,4,4,160,160,164,4,4,298
0,20,80.75,126,126,131,5,5,163,163,163,0,0,294
0,28,85.4,123,123,127,4,4,156,156,164,8,8,291
0,24,66.55,122,122,128,6,6,158,158,161,3,3,289
0,26,88.15,121,121,126,5,5,149,149,162,13,13,288
0,24,72.85,120,120,125,5,5,160,160,160,0,0,285
0,24,72.95,120,120,124,4,4,158,158,158,0,0,282
0,24,60.98,125,125,125,0,0,147,149,156,9,7,281
0,27,58.7,120,120,120,0,0,155,155,161,6,6,281
0,21,80.15,120,120,125,5,5,155,155,155,0,0,280
0,21,80.15,120,120,125,5,5,155,155,155,0,0,280
0,27,62.87,120,120,125,5,5,150,150,155,5,5,280
0,22,66.64,126,126,126,0,0,152,152,152,0,0,278
0,26,95.6,122,122,122,0,0,153,153,153,0,0,275
0,18,66.7,119,119,119,0,0,150,150,155,5,5,274
0,18,65.2,125,125,129,4,4,139,139,145,6,6,274
0,20,60.6,110,110,119,9,9,145,145,150,5,5,269
0,33,72.35,115,115,121,6,6,140,140,146,6,6,267
0,33,72.35,115,115,121,6,6,140,140,146,6,6,267
0,20,66.8,115,115,115,0,0,140,140,146,6,6,261
0,20,93.05,110,110,115,5,5,140,140,145,5,5,260
0,27,80.55,120,120,120,0,0,140,140,140,0,0,260
0,20,60.35,113,113,118,5,5,132,132,141,9,9,259
0,20,60.35,113,113,118,5,5,132,132,141,9,9,259
0,19,87.05,111,111,120,9,9,138,138,138,0,0,258
0,19,87.05,111,111,120,9,9,138,138,138,0,0,258
0,22,60.3,110,110,116,6,6,130,130,140,10,10,256
0,22,54.88,114,114,114,0,0,136,137,137,1,0,251
0,20,54.72,103,103,111,8,8,130,130,134,4,4,245
0,23,54.49,100,100,105,5,5,131,131,135,4,4,240
0,20,66.55,100,100,107,7,7,127,127,131,4,4,238
0,20,66.55,100,100,107,7,7,127,127,131,4,4,238
0,25,96.75,110,110,110,0,0,120,120,120,0,0,230
0,25,96.75,110,110,110,0,0,120,120,120,0,0,230
0,23,66.75,101,101,105,4,4,120,120,125,5,5,230
0,17,65.7,93,93,100,7,7,116,116,123,7,7,223
0,23,60.51,90,90,90,0,0,115,115,130,15,15,220
0,18,59.5,75,75,85,10,10,88,88,102,14,14,187
0,18,59.5,75,75,85,10,10,88,88,102,14,14,187
0,18,59.5,75,75,85,10,10,88,88,102,14,14,187
0,19,54.75,80,80,80,0,0,100,100,105,5,5,185
0,21,53.9,75,75,75,0,0,101,101,108,7,7,183
0,21,53.9,75,75,75,0,0,101,101,108,7,7,183
0,30,155.36,191,191,197,6,6,235,235,235,0,0,432
0,24,152.25,200,200,200,0,0,222,222,222,0,0,422
0,25,140.5,183,183,188,5,5,222,222,222,0,0,410
0,24,109,176,176,186,10,10,215,215,215,0,0,401
0,25,107.55,179,179,190,11,11,210,210,210,0,0,400
0,28,108.8,170,170,175,5,5,216,218,218,2,0,393
0,20,95.22,171,171,171,0,0,217,217,217,0,0,388
0,29,108.75,165,165,170,5,5,190,190,211,21,21,381
0,26,142.15,160,160,167,7,7,203,203,213,10,10,380
0,19,100.52,164,164,168,4,4,207,208,208,1,0,376
0,21,100.88,155,155,165,10,10,195,195,205,10,10,370
0,24,88.75,160,160,169,9,9,190,190,200,10,10,369
0,20,95.7,163,163,171,8,8,189,189,194,5,5,365
0,22,100.77,160,160,171,11,11,190,190,190,0,0,361
0,25,80.65,161,161,167,6,6,190,190,190,0,0,357
0,22,88.65,161,161,166,5,5,190,190,190,0,0,356
0,21,148.25,150,150,155,5,5,200,200,200,0,0,355
0,27,95.45,151,151,158,7,7,190,190,197,7,7,355
0,27,95.4,152,155,159,7,4,191,191,191,0,0,350
0,18,89,152,152,157,5,5,187,187,193,6,6,350
0,26,80.62,152,152,160,8,8,187,187,187,0,0,347
0,27,80.87,150,150,155,5,5,180,180,191,11,11,346
0,28,92.25,160,160,160,0,0,185,185,185,0,0,345
0,30,108.5,150,150,155,5,5,180,180,190,10,10,345
0,30,95.63,155,155,160,5,5,185,185,185,0,0,345
0,25,72.77,148,148,154,6,6,185,185,185,0,0,339
0,25,80.7,140,140,151,11,11,181,181,185,4,4,336
0,24,108.1,138,138,144,6,6,185,185,185,0,0,329
0,25,80.9,140,140,145,5,5,178,178,184,6,6,329
0,25,108.49,140,140,143,3,3,185,185,185,0,0,328
0,25,108.49,140,140,143,3,3,185,185,185,0,0,328
0,23,72.85,140,140,144,4,4,182,182,182,0,0,326
0,28,107.6,140,140,149,9,9,170,170,176,6,6,325
0,26,79.85,145,145,150,5,5,175,175,175,0,0,325
0,23,78.15,145,145,145,0,0,180,180,180,0,0,325
0,26,88.8,141,141,152,11,11,173,173,173,0,0,325
0,18,72.88,140,140,145,5,5,174,174,180,6,6,325
0,31,72.65,140,140,140,0,0,180,180,180,0,0,320
0,27,85.1,135,135,144,9,9,170,170,175,5,5,319
0,23,69.55,140,140,140,0,0,173,173,178,5,5,318
0,35,66.79,140,140,140,0,0,176,178,178,2,0,318
0,27,108.02,140,140,140,0,0,170,170,176,6,6,316
0,21,80.7,136,136,136,0,0,173,173,180,7,7,316
0,23,66.81,138,138,142,4,4,168,168,173,5,5,315
0,22,79.54,132,132,139,7,7,165,165,165,0,0,304
0,21,72.1,127,127,135,8,8,167,167,167,0,0,302
0,26,100.15,145,145,145,0,0,155,155,155,0,0,300
0,22,95.9,120,120,130,10,10,155,155,170,15,15,300
0,24,60.61,135,135,135,0,0,163,163,163,0,0,298
0,21,73,132,132,132,0,0,165,165,165,0,0,297
0,21,73,132,132,132,0,0,165,165,165,0,0,297
0,25,60.82,132,132,136,4,4,161,161,161,0,0,297
0,23,66.82,135,135,135,0,0,155,155,160,5,5,295
0,28,95.99,128,128,133,5,5,158,158,158,0,0,291
0,25,86.5,125,125,130,5,5,155,155,160,5,5,290
0,20,77,127,127,132,5,5,157,157,157,0,0,289
0,23,96.45,122,122,127,5,5,155,155,162,7,7,289
0,22,67,125,125,130,5,5,156,158,158,2,0,288
0,21,80.15,120,120,125,5,5,155,155,155,0,0,280
0,28,79.25,116,116,126,10,10,143,143,153,10,10,279
0,28,79.25,116,116,126,10,10,143,143,153,10,10,279
0,24,60.6,121,121,124,3,3,144,144,152,8,8,276
0,18,72.2,115,115,125,10,10,140,140,150,10,10,275
0,25,60.95,122,122,122,0,0,150,151,151,1,0,273
0,33,71.45,115,115,123,8,8,149,149,149,0,0,272
0,16,65.4,120,120,125,5,5,140,140,147,7,7,272
0,19,72.45,120,120,120,0,0,145,145,150,5,5,270
0,23,66.4,115,115,120,5,5,145,145,150,5,5,270
0,23,66.4,115,115,120,5,5,145,145,150,5,5,270
0,19,60.45,113,113,121,8,8,140,140,145,5,5,266
0,21,93.65,111,111,116,5,5,141,141,146,5,5,262
0,18,67,110,110,115,5,5,145,145,145,0,0,260
0,20,93.05,110,110,115,5,5,140,140,145,5,5,260
0,19,74.5,105,105,115,10,10,136,136,144,8,8,259
0,19,87.05,111,111,120,9,9,138,138,138,0,0,258
0,17,89,106,106,110,4,4,133,133,141,8,8,251
0,17,89,106,106,110,4,4,133,133,141,8,8,251
0,21,94.66,100,100,110,10,10,135,135,140,5,5,250
0,26,54.86,115,115,115,0,0,135,135,135,0,0,250
0,17,72.45,100,100,105,5,5,130,130,140,10,10,245
0,17,72.45,100,100,105,5,5,130,130,140,10,10,245
0,23,54.78,108,108,108,0,0,130,130,135,5,5,243
0,21,59.8,103,103,103,0,0,135,137,137,2,0,240
0,21,59.8,103,103,103,0,0,135,137,137,2,0,240
0,20,53.85,105,105,105,0,0,129,129,129,0,0,234
0,20,66.25,95,95,101,6,6,125,125,127,2,2,228
0,20,66.25,95,95,101,6,6,125,125,127,2,2,228
0,18,60.86,95,95,95,0,0,122,124,124,2,0,219
0,25,66.6,100,100,104,4,4,112,112,112,0,0,216
0,21,53.9,75,75,75,0,0,101,101,108,7,7,183
0,17,59.9,67,67,74,7,7,87,87,95,8,8,169
0,17,59.9,67,67,74,7,7,87,87,95,8,8,169
0,18,50.3,68,72,75,7,3,90,93,93,3,0,168
0,18,50.3,68,72,75,7,3,90,93,93,3,0,168
0,16,59.55,67,67,67,0,0,85,85,89,4,4,156
0,28,155.63,185,185,192,7,7,235,235,235,0,0,427
0,34,153.4,177,177,182,5,5,225,225,236,11,11,418
0,22,161.52,180,180,180,0,0,220,220,220,0,0,400
0,28,108.84,173,173,179,6,6,221,221,221,0,0,400
0,30,109,175,175,181,6,6,215,215,215,0,0,396
0,26,108.72,175,175,180,5,5,205,205,210,5,5,390
0,24,93.88,165,165,173,8,8,200,200,211,11,11,384
0,26,105.95,170,170,174,4,4,190,190,202,12,12,376
0,25,101.23,162,162,167,5,5,201,206,206,5,0,373
0,19,88.32,160,160,165,5,5,195,195,204,9,9,369
0,20,101.76,160,160,168,8,8,200,200,200,0,0,368
0,25,118.8,155,155,166,11,11,185,185,195,10,10,361
0,27,92.92,158,158,163,5,5,192,192,197,5,5,360
0,18,80.31,150,150,157,7,7,191,191,200,9,9,357
0,24,101,143,143,150,7,7,190,190,201,11,11,351
0,27,88.06,155,155,155,0,0,195,195,195,0,0,350
0,30,80.74,155,155,159,4,4,188,188,188,0,0,347
0,28,92.25,160,160,160,0,0,185,185,185,0,0,345
0,32,139,148,148,148,0,0,190,190,195,5,5,343
0,37,95.75,152,152,157,5,5,185,186,186,1,0,343
0,23,93.76,150,150,158,8,8,185,185,185,0,0,343
0,28,72.89,148,148,153,5,5,181,181,186,5,5,339
0,18,80.74,143,143,154,11,11,182,182,182,0,0,336
0,25,88.3,145,145,150,5,5,175,175,180,5,5,330
0,29,80.95,130,130,145,15,15,175,175,182,7,7,327
0,23,78.15,145,145,145,0,0,180,180,180,0,0,325
0,25,72.8,145,145,150,5,5,173,173,173,0,0,323
0,22,81,135,135,141,6,6,170,170,180,10,10,321
0,31,72.84,140,140,140,0,0,178,178,178,0,0,318
0,27,108.02,140,140,140,0,0,170,170,176,6,6,316
0,27,108.02,140,140,140,0,0,170,170,176,6,6,316
0,21,66.69,140,140,140,0,0,175,175,175,0,0,315
0,26,107.25,132,132,137,5,5,173,173,177,4,4,314
0,25,72.65,140,140,140,0,0,170,170,170,0,0,310
0,20,87.65,133,133,138,5,5,163,163,171,8,8,309
0,29,66.77,135,135,135,0,0,160,160,172,12,12,307
0,26,79.87,131,131,136,5,5,162,162,167,5,5,303
0,22,72.65,135,135,135,0,0,163,163,163,0,0,298
0,23,94.86,120,120,128,8,8,160,160,167,7,7,295
0,27,58.27,125,125,130,5,5,165,165,165,0,0,295
0,21,72.15,130,130,130,0,0,160,160,163,3,3,293
0,21,72.15,130,130,130,0,0,160,160,163,3,3,293
0,29,66.94,132,132,135,3,3,153,153,158,5,5,293
0,18,60.31,132,133,136,4,3,157,157,157,0,0,293
0,28,92.91,121,121,129,8,8,150,150,160,10,10,289
0,17,80.35,120,120,131,11,11,153,153,158,5,5,289
0,21,88.33,120,120,130,10,10,140,140,155,15,15,285
0,24,106.6,125,125,125,0,0,150,150,160,10,10,285
0,17,66.05,123,123,127,4,4,150,150,155,5,5,282
0,21,102.7,118,118,125,7,7,145,145,155,10,10,280
0,28,79.25,116,116,126,10,10,143,143,153,10,10,279
0,20,80.5,124,124,129,5,5,150,150,150,0,0,279
0,26,59.98,122,122,125,3,3,145,145,148,3,3,273
0,18,70.55,115,115,120,5,5,145,145,150,5,5,270
0,30,79.9,110,110,117,7,7,145,145,151,6,6,268
0,30,79.9,110,110,117,7,7,145,145,151,6,6,268
0,33,72.35,115,115,121,6,6,140,140,146,6,6,267
0,22,86.45,121,121,121,0,0,141,141,146,5,5,267
0,27,80.75,110,110,120,10,10,140,140,145,5,5,265
0,27,99.3,120,120,120,0,0,145,145,145,0,0,265
0,29,60.65,115,115,115,0,0,145,145,150,5,5,265
0,21,95.4,105,105,115,10,10,140,140,147,7,7,262
0,18,60.85,113,113,116,3,3,141,141,146,5,5,262
0,22,80.4,112,112,112,0,0,138,138,143,5,5,255
0,17,89,106,106,110,4,4,133,133,141,8,8,251
0,21,94.66,100,100,110,10,10,135,135,140,5,5,250
0,17,54.84,103,103,108,5,5,130,130,140,10,10,248
0,30,66.55,100,100,107,7,7,135,135,140,5,5,247
0,25,88.5,90,90,102,12,12,134,134,142,8,8,244
0,25,88.5,90,90,102,12,12,134,134,142,8,8,244
0,20,66.55,100,100,107,7,7,127,127,131,4,4,238
0,19,54.94,102,102,102,0,0,130,130,130,0,0,232
0,19,72.3,90,90,97,7,7,120,120,130,10,10,227
0,35,60.75,102,102,102,0,0,120,120,120,0,0,222
0,35,60.75,102,102,102,0,0,120,120,120,0,0,222
0,17,54,93,93,95,2,2,115,115,118,3,3,213
0,22,66.15,90,92,92,2,0,110,110,117,7,7,209
0,20,66.3,77,77,88,11,11,100,100,110,10,10,198
0,20,66.3,77,77,88,11,11,100,100,110,10,10,198
0,18,60.28,85,85,85,0,0,107,107,110,3,3,195
0,15,71.3,72,72,80,8,8,98,98,105,7,7,185
0,16,59.55,67,67,67,0,0,85,85,89,4,4,156
0,16,59.55,67,67,67,0,0,85,85,89,4,4,156
0,26,148.82,187,187,187,0,0,235,235,240,5,5,427
0,29,130,175,175,180,5,5,225,225,235,10,10,415
0,25,108.02,176,176,181,5,5,215,215,215,0,0,396
0,21,160.64,175,175,175,0,0,220,220,220,0,0,395
0,26,107.87,170,170,175,5,5,210,210,220,10,10,395
0,21,91.81,171,171,175,4,4,203,203,208,5,5,383
0,25,108.09,165,165,170,5,5,210,210,210,0,0,380
0,29,108.45,160,160,165,5,5,195,195,203,8,8,368
0,26,101.82,161,161,161,0,0,200,200,207,7,7,368
0,30,101.92,161,161,167,6,6,200,200,200,0,0,367
0,21,88.84,160,160,160,0,0,205,205,205,0,0,365
0,36,95.78,155,155,160,5,5,195,195,200,5,5,360
0,26,145.5,145,145,150,5,5,190,190,202,12,12,352
0,25,97.67,155,155,155,0,0,195,195,195,0,0,350
0,20,88.38,149,149,156,7,7,187,187,192,5,5,348
0,25,80.71,148,148,156,8,8,187,187,192,5,5,348
0,26,80.52,150,150,155,5,5,190,190,190,0,0,345
0,26,92.95,146,146,153,7,7,176,176,185,9,9,338
0,24,72.21,146,146,151,5,5,180,180,186,6,6,337
0,20,80.35,148,148,148,0,0,170,170,175,5,5,323
0,22,79.7,135,135,145,10,10,166,166,176,10,10,321
0,19,72.82,140,140,148,8,8,168,168,173,5,5,321
0,22,80.26,137,137,142,5,5,172,172,178,6,6,320
0,19,81.31,140,140,145,5,5,165,165,175,10,10,320
0,22,80.5,140,140,140,0,0,180,180,180,0,0,320
0,18,72.53,135,135,140,5,5,170,170,175,5,5,315
0,22,66.97,132,132,139,7,7,164,164,172,8,8,311
0,28,66.96,135,135,141,6,6,160,160,164,4,4,305
0,22,88.4,130,130,130,0,0,170,170,174,4,4,304
0,23,72.55,125,125,130,5,5,160,160,165,5,5,295
0,24,60.49,130,130,135,5,5,155,158,158,3,0,293
0,21,72.1,126,126,130,4,4,155,155,161,6,6,291
0,21,72.1,126,126,130,4,4,155,155,161,6,6,291
0,27,60.34,133,133,133,0,0,156,156,156,0,0,289
0,21,66.74,125,125,133,8,8,156,156,156,0,0,289
0,28,93.37,123,123,128,5,5,150,150,157,7,7,285
0,24,66.45,120,120,126,6,6,152,152,152,0,0,278
0,29,78.2,115,115,123,8,8,145,145,152,7,7,275
0,17,73.7,117,117,117,0,0,150,150,156,6,6,273
0,21,60.86,115,115,119,4,4,149,149,154,5,5,273
0,30,79.9,110,110,117,7,7,145,145,151,6,6,268
0,17,86.2,115,115,120,5,5,130,130,145,15,15,265
0,22,94.92,122,125,125,3,0,140,140,140,0,0,265
0,19,73.25,110,110,115,5,5,137,137,146,9,9,261
0,19,73.25,110,110,115,5,5,137,137,146,9,9,261
0,20,93.05,110,110,115,5,5,140,140,145,5,5,260
0,23,60.7,113,113,113,0,0,140,140,147,7,7,260
0,24,60.9,108,108,112,4,4,142,142,142,0,0,254
0,22,71.05,105,105,110,5,5,142,142,142,0,0,252
0,22,80.05,105,105,110,5,5,130,135,140,10,5,250
0,25,88.5,90,90,102,12,12,134,134,142,8,8,244
0,17,87.05,105,105,105,0,0,125,125,136,11,11,241
0,16,54.81,105,105,105,0,0,126,126,131,5,5,236
0,18,65.4,95,95,104,9,9,125,125,130,5,5,234
0,20,66.25,95,95,101,6,6,125,125,127,2,2,228
0,19,72.3,90,90,97,7,7,120,120,130,10,10,227
0,20,54.84,102,102,106,4,4,120,120,120,0,0,226
0,16,86.95,85,85,94,9,9,115,115,130,15,15,224
0,25,66,70,70,80,10,10,95,95,105,10,10,185
0,25,66,70,70,80,10,10,95,95,105,10,10,185
0,15,71.3,72,72,80,8,8,98,98,105,7,7,185
0,24,72.65,65,65,73,8,8,82,82,87,5,5,160
0,19,161.04,185,185,197,12,12,227,227,227,0,0,424
0,23,136.7,180,180,190,10,10,220,220,220,0,0,410
0,25,106.81,176,176,176,0,0,217,217,217,0,0,393
0,31,160.38,170,170,170,0,0,201,201,220,19,19,390
0,32,108.22,177,177,181,4,4,200,200,206,6,6,387
0,22,93.99,167,167,173,6,6,198,198,206,8,8,379
0,27,108.59,165,165,165,0,0,210,210,210,0,0,375
0,31,102.25,160,160,165,5,5,190,190,200,10,10,365
0,23,87,160,160,168,8,8,195,195,195,0,0,363
0,26,101.95,163,163,163,0,0,193,193,198,5,5,361
0,25,95.32,153,153,153,0,0,200,200,207,7,7,360
0,27,101.42,160,160,160,0,0,200,200,200,0,0,360
0,28,80.99,150,150,155,5,5,191,191,191,0,0,346
0,25,88.02,152,152,152,0,0,186,186,193,7,7,345
0,18,80.98,145,145,150,5,5,185,185,194,9,9,344
0,25,72.82,147,147,147,0,0,185,185,190,5,5,337
0,25,80.89,140,140,140,0,0,178,178,178,0,0,318
0,22,79.95,134,134,138,4,4,174,174,179,5,5,317
0,25,71.21,140,140,140,0,0,173,173,173,0,0,313
0,20,71.28,143,143,148,5,5,163,163,163,0,0,311
0,22,86.53,131,131,140,9,9,161,161,170,9,9,310
0,19,80.65,135,135,139,4,4,163,163,171,8,8,310
0,29,66.71,135,135,140,5,5,170,170,170,0,0,310
0,20,96,142,142,142,0,0,165,165,165,0,0,307
0,23,79.3,133,133,133,0,0,167,167,172,5,5,305
0,20,66.57,135,135,140,5,5,160,160,164,4,4,304
0,21,72.2,125,125,130,5,5,155,155,163,8,8,293
0,27,60.88,125,125,132,7,7,155,155,160,5,5,292
0,33,66.68,125,125,125,0,0,150,150,160,10,10,285
0,24,72.55,120,121,121,1,0,148,148,158,10,10,279
0,24,72.55,120,121,121,1,0,148,148,158,10,10,279
0,26,60.87,123,123,126,3,3,153,153,153,0,0,279
0,23,79.85,115,115,126,11,11,145,145,145,0,0,271
0,22,65.75,118,118,122,4,4,147,147,147,0,0,269
0,17,60.9,115,115,120,5,5,145,145,149,4,4,269
0,19,73.25,110,110,115,5,5,137,137,146,9,9,261
0,17,80.62,110,110,119,9,9,140,140,140,0,0,259
0,21,94.66,100,100,110,10,10,135,135,140,5,5,250
0,29,72.45,114,114,114,0,0,135,135,135,0,0,249
0,21,78.1,95,95,100,5,5,135,135,145,10,10,245
0,21,78.1,95,95,100,5,5,135,135,145,10,10,245
0,24,80.9,105,105,105,0,0,140,140,140,0,0,245
0,21,60.7,105,105,105,0,0,130,130,140,10,10,245
0,30,84.75,105,105,105,0,0,132,132,137,5,5,242
0,24,55,110,110,110,0,0,120,120,125,5,5,235
0,22,58.3,100,100,100,0,0,120,120,130,10,10,230
0,17,66.44,95,95,95,0,0,120,120,130,10,10,225
0,17,54.92,100,100,100,0,0,125,125,125,0,0,225
0,16,86.95,85,85,94,9,9,115,115,130,15,15,224
0,20,66.3,77,77,88,11,11,100,100,110,10,10,198
0,15,71.3,72,72,80,8,8,98,98,105,7,7,185
0,24,72.65,65,65,73,8,8,82,82,87,5,5,160
0,33,72.45,60,60,60,0,0,80,80,85,5,5,145
0,23,66.55,50,50,55,5,5,70,70,75,5,5,130
0,23,66.55,50,50,55,5,5,70,70,75,5,5,130
0,20,134.83,189,189,193,4,4,222,222,228,6,6,421
0,33,155.95,180,180,185,5,5,210,210,219,9,9,404
0,30,108.69,175,175,182,7,7,210,210,210,0,0,392
0,32,108.22,166,166,173,7,7,208,208,208,0,0,381
0,26,95.61,162,162,168,6,6,205,205,210,5,5,378
0,24,155.17,165,165,165,0,0,210,210,210,0,0,375
0,21,107.06,160,160,167,7,7,195,195,207,12,12,374
0,27,88.85,155,155,163,8,8,190,190,199,9,9,362
0,26,101.92,165,165,165,0,0,195,195,195,0,0,360
0,23,95.66,150,151,156,6,5,191,191,203,12,12,359
0,32,97.26,158,158,166,8,8,185,185,193,8,8,359
0,25,105.05,160,160,160,0,0,183,183,190,7,7,350
0,28,80.54,154,154,154,0,0,185,185,191,6,6,345
0,18,87.74,142,142,151,9,9,181,181,193,12,12,344
0,26,80.28,150,150,154,4,4,180,180,187,7,7,341
0,21,72.73,145,145,153,8,8,182,182,182,0,0,335
0,18,72.29,137,137,141,4,4,165,165,171,6,6,312
0,19,72.88,140,140,140,0,0,170,170,170,0,0,310
0,27,66.73,126,126,133,7,7,166,166,175,9,9,308
0,18,82.52,130,130,140,10,10,160,160,166,6,6,306
0,32,94.95,130,130,135,5,5,170,170,170,0,0,305
0,18,88,130,130,136,6,6,160,160,165,5,5,301
0,16,65.19,130,130,134,4,4,157,157,163,6,6,297
0,17,79.8,120,120,130,10,10,152,152,160,8,8,290
0,17,80.35,120,120,131,11,11,153,153,158,5,5,289
0,24,60.9,120,120,120,0,0,166,166,166,0,0,286
0,29,71.5,125,125,125,0,0,155,155,160,5,5,285
0,20,88.65,120,120,127,7,7,155,155,155,0,0,282
0,25,60.8,115,115,122,7,7,150,150,155,5,5,277
0,22,80.25,120,120,120,0,0,150,150,150,0,0,270
0,27,60.85,115,115,120,5,5,143,143,147,4,4,267
0,27,62.95,120,120,120,0,0,141,141,141,0,0,261
0,21,78.1,95,95,100,5,5,135,135,145,10,10,245
0,25,78.3,95,95,100,5,5,125,125,130,5,5,230
0,25,78.3,95,95,100,5,5,125,125,130,5,5,230
0,23,84.52,100,100,100,0,0,125,125,130,5,5,230
0,29,60.95,100,100,100,0,0,130,130,130,0,0,230
0,18,54.76,101,101,101,0,0,120,120,123,3,3,224
0,19,54.94,88,88,93,5,5,108,108,120,12,12,213
0,17,79.2,89,89,89,0,0,116,116,122,6,6,211
0,35,64.75,82,82,92,10,10,112,112,112,0,0,204
0,25,66,70,70,80,10,10,95,95,105,10,10,185
0,24,72.65,65,65,73,8,8,82,82,87,5,5,160
0,33,72.45,60,60,60,0,0,80,80,85,5,5,145
0,32,158.05,182,182,187,5,5,220,220,226,6,6,413
0,25,126.5,173,173,181,8,8,202,202,212,10,10,393
0,26,108.68,169,169,174,5,5,210,210,217,7,7,391
0,22,107.5,170,170,180,10,10,200,200,200,0,0,380
0,20,94.83,171,171,176,5,5,201,201,201,0,0,377
0,21,88,161,161,166,5,5,190,190,195,5,5,361
0,23,95.6,156,156,160,4,4,190,190,198,8,8,358
0,24,101.96,160,160,167,7,7,190,190,190,0,0,357
0,30,101.68,155,155,160,5,5,194,196,196,2,0,356
0,26,108.92,160,160,160,0,0,195,195,195,0,0,355
0,26,80.4,150,150,154,4,4,184,184,191,7,7,345
0,20,80.2,146,146,155,9,9,185,185,185,0,0,340
0,26,88.36,150,150,150,0,0,190,190,190,0,0,340
0,18,72.88,140,140,148,8,8,181,181,187,6,6,335
0,19,72.38,132,132,132,0,0,172,172,177,5,5,309
0,28,66.81,134,134,134,0,0,168,168,173,5,5,307
0,26,72.79,133,133,133,0,0,167,167,171,4,4,304
0,18,90.15,125,125,161,36,36,160,160,171,11,11,302
0,28,66.99,126,126,131,5,5,161,161,161,0,0,292
0,19,60.87,128,128,132,4,4,151,151,151,0,0,283
0,20,71.25,121,121,121,0,0,153,153,157,4,4,278
0,27,78.45,126,126,126,0,0,148,148,148,0,0,274
0,17,73.7,117,117,117,0,0,150,150,156,6,6,273
0,22,60.63,115,115,120,5,5,145,145,150,5,5,270
0,29,60.84,115,115,115,0,0,150,150,150,0,0,265
0,17,65.1,111,111,115,4,4,142,142,146,4,4,261
0,25,78.3,95,95,100,5,5,125,125,130,5,5,230
0,20,54.44,100,100,103,3,3,120,120,120,0,0,223
0,23,79.95,100,100,100,0,0,120,120,120,0,0,220
0,33,72.45,60,60,60,0,0,80,80,85,5,5,145
0,23,66.55,50,50,55,5,5,70,70,75,5,5,130
0,33,147.63,178,178,178,0,0,220,220,232,12,12,410
0,31,106.82,170,170,180,10,10,200,200,210,10,10,390
0,22,145.8,165,165,170,5,5,210,210,215,5,5,385
0,18,108.66,167,167,172,5,5,198,198,204,6,6,376
0,25,95.36,165,165,165,0,0,205,206,211,6,5,376
0,28,88.7,153,153,160,7,7,193,193,198,5,5,358
0,24,108.89,150,150,158,8,8,180,180,197,17,17,355
0,20,95.68,162,162,165,3,3,182,185,190,8,5,355
0,28,101.5,155,155,165,10,10,186,186,186,0,0,351
0,19,80.75,153,153,159,6,6,184,185,185,1,0,344
0,28,101.55,155,155,155,0,0,184,184,189,5,5,344
0,28,80.62,152,152,152,0,0,183,183,183,0,0,335
0,24,72.24,143,143,152,9,9,173,173,181,8,8,333
0,22,88.08,140,140,140,0,0,192,192,192,0,0,332
0,18,72.16,133,133,141,8,8,160,160,167,7,7,308
0,27,66.81,138,138,146,8,8,155,155,160,5,5,306
0,17,72.67,132,132,137,5,5,160,160,160,0,0,297
0,21,66.52,126,126,126,0,0,160,160,164,4,4,290
0,24,95.45,122,122,127,5,5,150,150,157,7,7,284
0,27,60.9,132,132,132,0,0,150,150,150,0,0,282
0,24,72.5,120,120,127,7,7,150,150,150,0,0,277
0,21,73.25,115,115,120,5,5,145,145,153,8,8,273
0,23,79.85,115,115,126,11,11,145,145,145,0,0,271
0,22,59.58,115,115,120,5,5,145,145,148,3,3,268
0,23,60.78,117,117,117,0,0,146,146,146,0,0,263
0,23,66.75,110,110,110,0,0,140,140,140,0,0,250
0,31,142.38,175,175,180,5,5,212,212,220,8,8,400
0,28,108.74,168,168,168,0,0,208,208,222,14,14,390
0,17,146.4,160,160,165,5,5,206,206,217,11,11,382
0,24,95.29,161,161,167,6,6,201,201,207,6,6,374
0,21,108.5,165,165,165,0,0,200,200,200,0,0,365
0,35,95.58,158,158,162,4,4,192,192,192,0,0,354
0,19,88.23,150,150,158,8,8,188,190,195,7,5,353
0,30,101.36,160,160,160,0,0,190,190,190,0,0,350
0,27,100.52,145,145,150,5,5,185,185,193,8,8,343
0,26,80.74,150,150,154,4,4,180,180,185,5,5,339
0,21,71.51,141,141,149,8,8,173,173,182,9,9,331
0,22,88.14,148,148,155,7,7,173,173,173,0,0,328
0,26,80.9,145,145,145,0,0,180,180,180,0,0,325
0,28,72.94,134,134,138,4,4,165,165,169,4,4,307
0,21,66.27,137,137,140,3,3,160,160,165,5,5,305
0,29,72.27,130,130,130,0,0,155,155,161,6,6,291
0,21,64.97,124,124,128,4,4,156,156,160,4,4,288
0,20,60.53,125,125,130,5,5,147,147,151,4,4,281
0,22,72.5,115,115,120,5,5,152,152,152,0,0,272
0,22,80.25,120,120,120,0,0,150,150,150,0,0,270
0,25,60.31,118,118,125,7,7,140,140,140,0,0,265
0,19,60.7,110,110,117,7,7,135,135,140,5,5,257
0,22,166.05,161,161,169,8,8,220,220,226,6,6,395
0,32,108.51,178,179,179,1,0,205,205,210,5,5,389
0,21,147.8,155,155,160,5,5,205,205,212,7,7,372
0,32,95.36,160,160,170,10,10,194,194,200,6,6,370
0,25,108.48,168,168,168,0,0,195,195,195,0,0,363
0,26,86.36,153,153,156,3,3,192,192,197,5,5,353
0,30,95.82,154,154,154,0,0,190,190,197,7,7,351
0,22,100.95,145,145,145,0,0,190,190,195,5,5,340
0,26,80.43,148,148,153,5,5,180,180,185,5,5,338
0,29,100.12,140,140,152,12,12,165,165,185,20,20,337
0,27,72.73,155,155,155,0,0,175,175,175,0,0,330
0,27,88.2,143,143,148,5,5,170,170,175,5,5,323
0,28,80.38,142,142,146,4,4,172,172,176,4,4,322
0,29,72.46,133,133,133,0,0,163,163,171,8,8,304
0,22,66.85,132,132,136,4,4,163,163,167,4,4,303
0,27,66.85,125,125,125,0,0,160,160,160,0,0,285
0,33,72.95,125,125,125,0,0,150,150,160,10,10,285
0,26,60.39,120,120,120,0,0,153,153,160,7,7,280
0,18,60.94,113,113,117,4,4,148,148,148,0,0,265
0,20,59.4,112,112,116,4,4,135,135,140,5,5,256
0,23,79.95,100,100,100,0,0,120,120,120,0,0,220
0,22,139.92,175,175,175,0,0,210,210,215,5,5,390
0,26,108.72,175,175,180,5,5,200,200,208,8,8,388
0,22,95.82,163,163,170,7,7,193,193,193,0,0,363
0,27,108.74,163,163,163,0,0,197,197,199,2,2,362
0,25,129.6,150,150,160,10,10,200,200,200,0,0,360
0,25,85.39,155,155,160,5,5,192,192,192,0,0,352
0,21,92,153,153,158,5,5,188,188,191,3,3,349
0,24,99.7,143,143,150,7,7,183,183,188,5,5,338
0,19,79.58,140,140,148,8,8,180,180,188,8,8,336
0,19,100.38,142,142,151,9,9,176,176,181,5,5,332
0,30,72.84,140,140,145,5,5,180,180,180,0,0,325
0,28,80.7,140,140,145,5,5,175,175,175,0,0,320
0,21,87.34,143,143,148,5,5,165,165,170,5,5,318
0,19,66.64,130,130,135,5,5,162,162,165,3,3,300
0,19,66.41,129,129,129,0,0,155,155,155,0,0,284
0,30,60.91,117,117,124,7,7,150,150,154,4,4,278
0,19,72.76,120,120,124,4,4,140,140,145,5,5,269
0,18,60.25,102,102,106,4,4,130,130,135,5,5,241
0,27,60.54,100,100,115,15,15,125,125,125,0,0,240
0,17,72.34,88,88,96,8,8,118,118,118,0,0,214
0,21,143.32,160,160,165,5,5,213,213,221,8,8,386
0,25,108.66,175,175,175,0,0,210,210,210,0,0,385
0,20,95.51,160,160,168,8,8,190,190,195,5,5,363
0,24,107.32,163,163,168,5,5,193,193,193,0,0,361
0,29,122.68,155,155,155,0,0,195,195,199,4,4,354
0,22,89,155,155,165,10,10,185,185,185,0,0,350
0,31,95.6,153,153,157,4,4,190,191,191,1,0,348
0,31,80.59,150,150,154,4,4,182,182,182,0,0,336
0,24,100.61,140,140,145,5,5,180,180,190,10,10,335
0,28,101.1,143,143,143,0,0,180,180,185,5,5,328
0,24,73,142,142,146,4,4,172,172,177,5,5,323
0,20,80.12,141,141,146,5,5,163,163,173,10,10,319
0,32,87.4,138,138,142,4,4,170,170,175,5,5,317
0,28,66.88,133,133,138,5,5,155,155,160,5,5,298
0,25,60.63,120,120,123,3,3,147,147,153,6,6,276
0,23,66.96,120,120,125,5,5,150,150,150,0,0,275
0,27,108.33,178,178,183,5,5,196,196,201,5,5,384
0,21,141.07,165,165,165,0,0,215,215,218,3,3,383
0,30,95.93,155,155,160,5,5,196,196,201,5,5,361
0,26,108.46,167,167,172,5,5,183,183,183,0,0,355
0,27,143.52,146,146,154,8,8,193,193,193,0,0,347
0,22,88.9,155,155,155,0,0,185,185,190,5,5,345
0,24,95.68,142,142,152,10,10,179,179,190,11,11,342
0,26,80.7,143,143,149,6,6,183,183,183,0,0,332
0,28,101.32,147,147,151,4,4,176,176,176,0,0,327
0,25,72.93,139,139,143,4,4,175,175,180,5,5,323
0,19,79.7,139,139,145,6,6,170,170,174,4,4,319
0,24,87.96,135,135,135,0,0,170,170,180,10,10,315
0,21,66.42,131,131,131,0,0,165,165,165,0,0,296
0,30,60.97,129,129,129,0,0,145,145,145,0,0,274
0,27,66.92,115,115,120,5,5,145,145,153,8,8,273
0,22,106.9,170,170,175,5,5,195,195,207,12,12,382
0,23,156.2,165,165,171,6,6,210,210,210,0,0,381
0,25,95.9,156,156,156,0,0,196,196,201,5,5,357
0,30,118.44,150,150,156,6,6,183,183,190,7,7,346
0,29,107.08,155,155,155,0,0,190,190,190,0,0,345
0,22,88.32,153,153,153,0,0,192,192,192,0,0,345
0,26,95.94,148,150,150,2,0,184,184,188,4,4,338
0,24,80.95,143,143,150,7,7,175,175,181,6,6,331
0,22,101.97,140,140,140,0,0,185,185,185,0,0,325
0,25,72.55,142,142,145,3,3,177,177,177,0,0,322
0,33,80.76,137,137,141,4,4,169,169,175,6,6,316
0,22,88.4,133,133,139,6,6,165,165,170,5,5,309
0,25,66.92,132,132,135,3,3,155,155,158,3,3,293
0,23,60.69,120,120,120,0,0,153,153,153,0,0,273
0,33,66.87,117,117,123,6,6,143,143,148,5,5,271
0,25,119.39,170,170,175,5,5,200,200,205,5,5,380
0,29,107.36,160,160,165,5,5,205,205,205,0,0,370
0,28,95.37,156,156,156,0,0,200,200,200,0,0,356
0,30,109,148,148,151,3,3,183,183,193,10,10,344
0,25,87.65,149,149,157,8,8,177,177,185,8,8,342
0,24,95.44,142,142,147,5,5,182,182,190,8,8,337
0,24,80.74,148,148,148,0,0,183,183,183,0,0,331
0,22,72.98,139,139,144,5,5,178,178,178,0,0,322
0,21,80.5,140,140,140,0,0,168,168,176,8,8,316
0,25,99.2,140,140,140,0,0,155,155,165,10,10,305
0,30,66.66,127,127,127,0,0,165,165,165,0,0,292
0,26,60.84,118,118,122,4,4,147,147,150,3,3,272
0,20,81.48,115,115,115,0,0,143,143,148,5,5,263
0,23,134.09,160,160,166,6,6,200,200,211,11,11,377
0,25,103.57,160,160,160,0,0,205,205,210,5,5,370
0,23,95.99,155,155,160,5,5,195,195,195,0,0,355
0,22,88.89,146,146,150,4,4,185,185,190,5,5,340
0,28,106.56,150,150,154,4,4,181,181,185,4,4,339
0,25,95.82,145,145,148,3,3,180,180,185,5,5,333
0,23,80.87,145,145,145,0,0,186,186,186,0,0,331
0,19,72.95,142,142,146,4,4,174,174,174,0,0,320
0,28,80.6,144,144,144,0,0,167,167,171,4,4,315
0,27,66.77,126,126,126,0,0,163,163,163,0,0,289
0,27,101.62,125,125,130,5,5,155,157,157,2,0,287
0,29,60.66,117,117,120,3,3,152,152,152,0,0,272
0,30,166.39,158,158,171,13,13,198,198,205,7,7,376
0,27,106.64,160,160,165,5,5,200,200,200,0,0,365
0,37,95.6,152,152,157,5,5,185,185,196,11,11,353
0,19,86.25,150,150,156,6,6,170,170,175,5,5,331
0,25,95.4,145,145,150,5,5,175,175,180,5,5,330
0,20,80.49,148,148,152,4,4,174,174,178,4,4,330
0,24,107.81,140,140,145,5,5,173,173,184,11,11,329
0,18,72.06,135,135,141,6,6,162,162,171,9,9,312
0,17,79.68,130,130,137,7,7,163,163,170,7,7,307
0,27,66.67,130,130,134,4,4,153,153,153,0,0,287
0,17,60.67,113,113,117,4,4,144,144,144,0,0,261
0,30,156.82,161,161,166,5,5,210,210,210,0,0,376
0,18,106.94,155,155,160,5,5,195,195,205,10,10,365
0,24,95.66,149,149,153,4,4,195,195,199,4,4,352
0,28,78.98,141,141,145,4,4,180,180,185,5,5,330
0,24,88.56,147,147,155,8,8,170,170,175,5,5,330
0,25,104.78,148,148,148,0,0,172,172,180,8,8,328
0,25,95.86,137,137,137,0,0,170,170,180,10,10,317
0,18,72.52,140,140,140,0,0,170,170,170,0,0,310
0,20,80.36,125,125,135,10,10,162,165,171,9,6,306
0,23,66.22,120,120,125,5,5,155,155,155,0,0,280
0,19,60.89,113,113,117,4,4,135,135,143,8,8,260
0,19,124.63,150,150,160,10,10,180,180,200,20,20,360
0,20,108.58,160,160,163,3,3,191,191,191,0,0,354
0,34,95.91,155,155,155,0,0,187,187,194,7,7,349
0,24,80.47,150,150,150,0,0,180,180,180,0,0,330
0,19,88.34,142,142,142,0,0,180,180,185,5,5,327
0,20,72.58,132,132,137,5,5,164,164,172,8,8,309
0,19,78.16,131,131,139,8,8,161,161,165,4,4,304
0,28,89.72,120,120,125,5,5,160,160,175,15,15,300
0,26,66.87,120,120,120,0,0,150,150,150,0,0,270
0,21,60.9,115,115,115,0,0,145,145,145,0,0,260
0,26,108.51,165,165,171,6,6,180,180,180,0,0,351
0,28,118.31,155,156,156,1,0,190,190,195,5,5,351
0,21,92.35,152,152,156,4,4,185,185,192,7,7,348
0,30,80.6,150,150,150,0,0,180,180,180,0,0,330
0,26,87.39,146,146,150,4,4,176,176,176,0,0,326
0,32,72.89,135,135,135,0,0,165,165,170,5,5,305
0,25,80.06,135,135,135,0,0,165,165,165,0,0,300
0,18,66.86,113,113,119,6,6,140,140,150,10,10,269
0,21,60.97,112,112,116,4,4,139,139,142,3,3,258
0,27,105.35,150,150,154,4,4,190,190,194,4,4,348
0,24,139.21,147,147,152,5,5,185,185,194,9,9,346
0,22,94.62,155,155,155,0,0,187,188,188,1,0,343
0,23,80.02,145,145,148,3,3,179,179,179,0,0,327
0,26,88.52,143,143,148,5,5,170,170,174,4,4,322
0,21,72.88,130,130,135,5,5,160,160,169,9,9,304
0,18,65.82,111,111,117,6,6,146,146,146,0,0,263
0,23,74.16,110,110,115,5,5,140,140,147,7,7,262
0,20,60.95,108,108,112,4,4,138,138,144,6,6,256
0,24,108.27,157,157,157,0,0,183,183,190,7,7,347
0,32,143.11,148,148,152,4,4,193,193,193,0,0,345
0,26,90.24,153,153,153,0,0,183,183,188,5,5,341
0,22,80.79,145,145,150,5,5,175,175,175,0,0,325
0,28,85.45,140,140,140,0,0,175,175,181,6,6,321
0,31,72.55,128,128,133,5,5,163,163,171,8,8,304
0,31,60.82,111,111,111,0,0,140,140,144,4,4,255
0,19,66.78,120,120,120,0,0,135,135,135,0,0,255
0,24,80.94,95,95,95,0,0,115,115,120,5,5,215
0,25,108.88,153,153,158,5,5,184,184,184,0,0,342
0,25,95.74,145,145,154,9,9,175,175,183,8,8,337
0,21,80.88,143,143,148,5,5,174,174,174,0,0,322
0,19,86.9,140,140,140,0,0,180,180,180,0,0,320
0,29,71.98,131,131,137,6,6,162,162,166,4,4,303
0,18,60.28,108,108,112,4,4,140,140,140,0,0,252
0,16,63.3,110,110,110,0,0,135,135,135,0,0,245
0,26,95.99,148,149,149,1,0,187,188,188,1,0,337
0,25,108.27,140,140,140,0,0,180,180,186,6,6,326
0,24,79.88,140,140,140,0,0,180,181,181,1,0,321
0,20,85.84,135,135,139,4,4,155,155,165,10,10,304
0,28,72.36,137,137,137,0,0,165,165,165,0,0,302
0,19,93.18,145,145,150,5,5,175,175,185,10,10,335
0,30,108.86,147,147,147,0,0,177,177,177,0,0,324
0,33,80.85,138,138,145,7,7,171,171,175,4,4,320
0,17,72.95,130,130,135,5,5,159,159,166,7,7,301
0,16,85.85,130,130,135,5,5,160,160,160,0,0,295
0,24,95.2,138,138,144,6,6,177,177,187,10,10,331
0,22,107.57,135,135,138,3,3,183,184,184,1,0,322
0,27,80.4,138,138,143,5,5,168,168,176,8,8,319
0,17,71.96,133,133,138,5,5,156,156,162,6,6,300
0,19,94.41,150,150,155,5,5,175,175,175,0,0,330
0,30,108.55,145,145,145,0,0,175,175,175,0,0,320
0,28,80.79,137,137,137,0,0,182,182,182,0,0,319
0,19,68.92,134,134,138,4,4,156,156,160,4,4,298
0,20,95.28,150,150,150,0,0,175,175,175,0,0,325
0,23,80.53,132,132,140,8,8,170,170,177,7,7,317
0,24,105.8,137,137,141,4,4,172,172,172,0,0,313
0,20,72.31,128,128,128,0,0,170,170,170,0,0,298
0,25,95.55,133,133,144,11,11,167,167,175,8,8,319
0,24,80.92,142,142,147,5,5,170,170,170,0,0,317
0,24,72.22,132,132,132,0,0,165,165,165,0,0,297
0,28,79.41,135,135,143,8,8,165,165,173,8,8,316
0,23,95.41,136,136,140,4,4,162,162,171,9,9,311
0,22,71.81,131,131,135,4,4,156,156,161,5,5,296
0,22,79.6,139,139,142,3,3,173,173,173,0,0,315
0,27,92.38,135,135,135,0,0,165,165,170,5,5,305
0,18,71.7,133,133,137,4,4,158,158,158,0,0,295
0,19,79.76,135,135,141,6,6,165,165,174,9,9,315
0,23,70,126,126,131,5,5,150,150,156,6,6,287
0,27,80.62,138,138,138,0,0,160,160,167,7,7,305
0,24,72.36,115,115,125,10,10,155,155,160,5,5,285
0,19,79.18,125,125,130,5,5,160,160,170,10,10,300
0,17,70.6,110,115,118,8,3,140,140,152,12,12,270
0,28,80.9,125,125,128,3,3,160,160,163,3,3,291
0,38,70.72,117,117,117,0,0,150,150,150,0,0,267
0,30,80.38,120,120,120,0,0,140,140,140,0,0,260
0,22,74.87,107,107,111,4,4,140,140,140,0,0,251
0,24,80.37,102,102,105,3,3,130,130,130,0,0,235
0,15,74.98,60,60,65,5,5,75,75,85,10,10,150